Store_ID,Daily_Customer_Count,Store_Sales
1,530,66490
2,210,39820
3,720,54010
4,620,53730
5,450,46620
6,760,45260
7,1030,72240
8,1020,37720
9,680,46310
10,1130,44150
11,1090,71280
12,720,57620
13,1050,60470
14,1160,59130
15,770,66360
16,790,78870
17,1440,77250
18,670,38170
19,1030,63540
20,980,40190
21,370,43460
22,690,68890
23,950,52780
24,620,50680
25,840,41880