Store_ID,Store_Area
1,1659
2,1461
3,1340
4,1451
5,1770
6,1442
7,1542
8,1261
9,1090
10,1030
11,1187
12,1751
13,1746
14,1615
15,1469
16,1644
17,1578
18,1703
19,1438
20,1940
21,1421
22,1458
23,1719
24,1449
25,1234